Code Produit,Produit,Catégorie Produit
INK.0001,INK Canon 3210,INK
INK.0004,Toner Canon 6030,INK
INK.0005,INK Epson 110,INK
INK.0034,Toner Canon 6030,INK
LAP.0011,Laptop Lenovo 110,LAP
LAP.0120,Laptop HP Probook G4,LAP
PRI.0011,Printer EPSON 3010,PRI
PRI.0020,Printer Canon 6030,PRI
SCA.0002,Scanner Epson 1600,SCA
